{"m_AllBlastLevels":[
{
	  "m_Level":"1",
	  "m_CostToUpgrade": "3",
      "CooldownTime": "10",
      "CastTime": "1.5",
      "m_InnerRadius": "1",
      "m_OuterRadius": "2",
      "m_InnerForce": "100",
      "m_OuterForce": "300",
      "m_InnerDamage": "500",
      "m_OuterDamage": "200"
},
{
	  "m_Level":"2",
	  "m_CostToUpgrade": "4",
      "CooldownTime": "10",
      "CastTime": "1.5",
      "m_InnerRadius": "1",
      "m_OuterRadius": "2",
      "m_InnerForce": "100",
      "m_OuterForce": "300",
      "m_InnerDamage": "500",
      "m_OuterDamage": "200"
},
{
	  "m_Level":"3",
	  "m_CostToUpgrade": "0",
      "CooldownTime": "10",
      "CastTime": "1.5",
      "m_InnerRadius": "1",
      "m_OuterRadius": "2",
      "m_InnerForce": "100",
      "m_OuterForce": "300",
      "m_InnerDamage": "500",
      "m_OuterDamage": "200"
}
]}