{
"m_AllFireballLevels":[
{
"m_Level":"1",
"m_CostToUpgrade":"3",
"CooldownTime":"15",
"CastTime":"0.5",
"m_ProjectileSpeed":"10",
"m_ProjectileDuration":"10",
"m_CollisionDamage":"10",
"m_CollisionForce":"100"
},
{
"m_Level":"2",
"m_CostToUpgrade":"3",
"CooldownTime":"15",
"CastTime":"0.5",
"m_ProjectileSpeed":"10",
"m_ProjectileDuration":"10",
"m_CollisionDamage":"10",
"m_CollisionForce":"100"
},
{
"m_Level":"3",
"m_CostToUpgrade":"0",
"CooldownTime":"15",
"CastTime":"0.5",
"m_ProjectileSpeed":"10",
"m_ProjectileDuration":"10",
"m_CollisionDamage":"10",
"m_CollisionForce":"100"
}
]
}