{
"m_AllGravityLevels":[
{
  "m_Level": 1,
  "m_CostToUpgrade": 3.0,
  "m_InnerRadius": 1.0,
  "m_OuterRadius": 5.0,
  "m_InnerForce": 300.0,
  "m_OuterForce": 100.0,
  "m_SetupTime": 1.0,
  "CooldownTime": 12,
  "CastTime": 0.6,
  "m_Duration":3,
  "m_CastRange":5
  
},
{
  "m_Level": 2,
  "m_CostToUpgrade": 4.0,
  "m_InnerRadius": 1.0,
  "m_OuterRadius": 7.0,
  "m_InnerForce": 300.0,
  "m_OuterForce": 150.0,
  "m_SetupTime": 1.0,
  "CooldownTime": 10.0,
  "CastTime": 0.5,
  "m_Duration":4,
  "m_CastRange":5
},
{
  "m_Level": 3,
  "m_CostToUpgrade": 0.0,
  "m_InnerRadius": 1.0,
  "m_OuterRadius": 9.0,
  "m_InnerForce": 500.0,
  "m_OuterForce": 200.0,
  "m_SetupTime": 1.0,
  "CooldownTime": 8,
  "CastTime": 0.4,
  "m_Duration":5,
  "m_CastRange":5
}
]
}